estudiante_id,curso_id,valoracion
315,105,2
532,106,4
637,102,2
540,101,3
670,104,4
239,103,2
569,108,3
90,108,2
538,103,1
127,103,3
346,105,2
214,102,5
635,102,1
499,108,1
427,104,5
395,106,2
695,101,4
68,101,1
7,104,2
350,102,5
470,107,2
311,104,2
431,102,2
542,105,3
461,108,4
210,104,2
104,103,2
36,105,4
634,106,5
617,107,1
675,107,5
372,104,5
437,104,2
321,105,1
241,104,4
469,102,4
426,103,4
329,106,2
653,101,5
677,104,5
178,106,3
63,108,4
469,105,1
424,103,5
31,108,4
216,105,1
74,108,1
509,101,3
529,104,1
664,104,1
150,101,2
199,103,3
590,101,4
29,101,4
558,106,2
521,106,3
240,101,2
515,101,1
522,101,3
580,107,4
161,107,2
66,104,1
113,102,4
608,102,1
627,102,4
210,108,3
344,108,4
389,107,4
658,101,4
511,106,2
263,103,1
397,105,5
88,106,4
452,107,2
51,101,5
361,102,3
271,101,5
259,106,1
175,105,3
667,103,3
416,101,4
101,101,4
404,102,4
589,103,2
358,102,5
456,108,3
46,104,1
278,103,5
638,107,3
466,104,3
608,101,3
543,107,5
605,107,5
191,105,5
458,104,5
584,101,3
473,106,2
242,104,1
181,101,1
290,108,5
419,106,4
659,105,1
381,105,1
72,103,4
697,106,1
120,104,2
93,108,1
17,103,2
250,102,1
575,106,5
9,106,2
563,102,2
497,108,2
550,105,3
655,102,5
577,108,5
145,106,5
609,107,1
527,103,3
672,102,4
642,107,3
340,101,1
653,105,4
689,101,1
245,103,2
431,101,4
156,101,5
657,104,4
252,108,3
202,107,1
341,102,1
144,104,1
383,108,5
513,102,4
415,107,5
229,106,2
86,101,1
273,102,3
429,104,3
586,106,2
536,102,2
85,104,1
563,108,2
250,101,3
311,102,2
457,104,1
598,102,5
455,108,5
408,105,4
395,103,2
505,105,2
462,101,1
491,104,1
20,108,4
481,101,1
543,104,5
588,107,2
358,105,2
85,103,1
624,104,5
155,105,4
467,106,1
141,107,4
592,106,3
269,101,5
555,107,2
62,103,1
697,104,2
622,105,5
261,105,1
592,107,5
544,102,2
559,101,5
589,104,3
258,105,1
262,108,2
562,106,4
204,106,2
295,101,1
657,108,5
153,102,3
463,104,4
273,105,3
304,104,4
374,101,5
393,102,4
137,106,1
450,107,2
341,104,4
658,103,1
148,101,4
690,104,5
655,101,4
599,106,3
403,102,2
123,101,1
461,101,2
120,103,3
425,107,4
684,108,2
9,107,2
6,103,4
557,103,3
427,106,3
173,107,1
138,106,2
5,101,1
612,104,2
420,105,1
606,106,3
427,102,5
138,105,4
650,105,2
322,101,3
669,102,3
148,106,4
115,107,4
364,103,1
383,107,2
591,101,3
216,102,4
111,102,1
164,106,4
131,102,1
263,102,3
363,102,5
14,101,4
6,106,2
607,102,2
391,103,4
116,104,3
328,107,3
314,101,3
180,101,4
371,102,3
639,108,1
456,104,5
111,104,2
86,104,5
361,108,1
381,108,2
172,107,5
518,102,5
102,105,2
563,106,5
162,103,5
231,106,2
610,102,2
354,104,3
230,106,1
472,107,3
587,108,1
82,103,3
219,101,2
593,108,4
103,103,1
31,102,3
30,103,4
167,107,1
217,108,5
537,106,4
226,104,4
266,105,3
254,102,5
223,108,1
422,105,4
386,108,5
508,105,1
422,108,1
537,104,4
272,103,1
277,102,2
81,108,3
530,105,3
637,108,5
614,101,4
192,101,4
458,106,4
228,103,5
29,107,1
355,105,3
26,102,2
604,106,1
610,101,4
7,105,5
618,101,1
654,105,2
606,103,1
251,107,2
194,107,3
69,107,1
416,102,5
241,103,5
18,108,1
128,107,1
39,103,2
246,101,4
7,102,5
18,106,5
524,107,2
181,102,4
643,108,4
243,103,1
273,104,3
82,102,3
351,106,2
243,104,1
187,102,2
601,105,2
481,103,4
190,101,1
263,106,5
464,108,5
183,103,2
646,107,1
411,106,5
99,105,4
525,108,5
394,106,4
323,106,2
520,104,3
83,106,4
282,104,1
59,106,3
204,103,3
690,103,5
670,106,5
480,107,1
77,102,4
12,104,4
7,103,3
290,107,1
48,104,2
627,103,1
615,101,4
566,106,1
348,101,4
246,105,2
544,105,5
125,101,3
64,104,1
457,107,1
690,107,1
660,108,5
674,106,4
467,101,3
15,103,5
113,106,2
487,104,5
542,103,1
149,105,5
211,101,5
154,107,5
33,107,5
394,102,2
97,105,3
158,106,5
232,106,2
306,107,2
389,108,4
432,104,5
601,107,5
689,107,5
564,105,4
211,108,4
271,108,2
437,102,3
74,106,4
92,101,2
186,104,4
244,101,1
221,104,3
169,108,5
309,108,2
547,105,3
633,103,1
52,107,2
541,105,4
460,102,1
567,105,4
167,106,1
689,103,2
699,103,4
629,104,5
428,105,2
380,104,1
317,102,3
120,106,4
12,105,3
352,105,2
89,108,3
572,102,3
66,107,1
490,108,3
90,105,1
106,108,2
501,107,4
176,103,2
596,108,3
56,102,3
57,106,2
155,106,1
415,104,2
383,101,5
155,104,1
264,107,3
401,108,4
344,104,1
57,104,2
104,108,5
176,104,1
593,101,2
94,106,1
609,105,4
45,107,5
256,104,3
354,107,4
665,107,5
83,103,2
177,103,4
687,104,5
267,104,3
486,102,3
388,106,2
658,106,5
510,103,1
55,104,2
4,103,1
638,106,1
1,102,2
407,108,1
131,104,5
533,102,4
349,104,5
632,106,3
600,103,3
292,104,3
285,101,3
526,107,5
692,107,2
626,107,5
308,108,2
682,102,5
35,108,3
696,104,4
534,102,2
391,101,1
574,108,2
585,106,2
110,106,4
99,106,5
22,107,5
225,101,4
120,101,5
58,105,2
139,108,1
352,108,4
669,101,2
176,106,3
509,103,5
544,103,2
136,104,3
628,103,2
460,103,4
694,103,1
59,101,3
661,102,5
225,108,5
123,105,1
214,105,5
267,105,2
427,101,2
359,107,3
396,101,2
594,104,1
148,103,3
655,104,2
68,104,5
440,101,5
35,107,1
176,108,2
524,101,1
465,102,4
451,103,1
461,103,1
63,107,2
306,101,4
510,102,4
653,108,5
581,102,3
109,108,3
401,107,2
443,101,4
441,105,1
379,104,1
352,103,2
96,106,1
141,105,1
648,106,3
80,107,4
329,102,2
127,107,1
237,103,3
291,104,1
104,101,1
12,107,1
470,103,5
326,103,1
118,103,2
156,103,4
484,106,4
473,107,4
19,108,4
79,101,5
636,105,3
185,106,3
580,104,4
112,103,2
365,106,5
344,105,2
294,107,4
85,101,4
667,105,1
277,104,4
647,108,4
432,103,4
51,108,4
605,108,2
115,101,3
212,101,3
303,103,4
368,103,2
476,102,5
141,101,4
455,101,3
256,105,1
325,102,1
343,105,5
187,105,2
70,107,3
65,106,4
263,107,5
292,103,2
406,104,2
643,104,5
382,107,3
435,105,5
488,101,4
293,101,4
42,108,1
87,106,5
650,108,2
350,105,1
315,107,1
133,106,1
282,101,5
230,104,1
619,106,1
180,105,5
249,104,2
374,106,5
259,101,2
50,106,5
284,107,1
602,104,5
407,103,4
687,105,3
324,106,3
641,108,1
481,104,2
397,107,2
557,102,4
127,105,4
602,101,2
301,104,3
529,107,4
566,103,5
266,108,2
209,105,3
665,105,3
310,106,2
380,106,4
52,106,1
45,101,3
684,104,4
689,104,4
158,101,5
657,105,1
540,106,5
639,101,2
265,105,1
259,104,1
385,107,5
121,105,1
361,107,4
305,102,5
123,108,2
451,101,1
636,107,4
39,106,4
696,108,4
524,103,3
485,105,4
30,108,2
237,101,3
694,107,5
365,103,4
394,105,2
492,101,2
393,106,3
396,108,3
142,103,2
347,104,1
432,107,1
9,101,4
313,102,2
121,106,5
158,107,4
134,102,4
300,101,2
499,105,5
430,105,5
69,108,4
74,102,3
613,103,4
125,107,1
17,104,5
205,101,5
368,104,4
11,101,1
658,104,3
584,108,1
563,103,2
468,102,4
146,105,3
95,107,3
474,104,1
535,101,2
43,106,1
217,104,5
236,105,2
183,105,3
526,104,1
71,103,3
41,105,5
412,101,3
520,105,5
250,108,5
21,101,4
14,108,5
200,106,1
608,103,1
73,107,4
357,102,1
619,103,2
587,104,2
646,108,3
541,102,4
199,108,1
227,107,2
199,102,2
495,108,5
666,102,1
494,103,1
307,103,5
170,101,4
420,104,5
138,103,3
162,108,3
512,102,5
514,102,4
338,104,1
354,105,3
407,105,1
388,105,3
6,108,3
211,103,5
608,107,4
652,102,3
142,106,1
597,105,5
53,104,5
395,108,5
358,104,3
284,105,3
672,103,1
685,105,1
549,108,1
21,107,1
324,105,5
433,108,4
87,105,4
606,101,5
498,102,5
27,108,1
306,105,4
566,102,1
644,107,4
373,101,4
85,108,4
489,102,1
426,105,3
226,105,2
328,103,5
4,106,3
506,108,5
98,107,2
239,108,1
675,103,2
74,103,4
325,103,1
526,103,1
474,102,1
664,101,5
618,104,5
692,105,3
148,105,5
120,105,2
696,106,1
127,106,2
252,103,3
591,104,1
70,108,4
220,102,2
185,103,5
430,108,3
141,102,2
650,106,3
264,106,4
355,107,5
136,101,1
187,108,3
317,104,3
233,104,5
504,106,5
3,102,5
129,103,3
393,108,2
22,102,3
154,106,1
527,107,3
186,101,2
491,107,3
559,103,4
334,104,4
61,106,3
255,106,2
439,102,4
627,101,5
412,108,3
492,106,1
667,104,2
7,108,3
675,108,2
410,106,5
39,101,4
467,105,1
484,105,5
141,103,4
119,104,5
687,107,1
533,107,5
581,107,2
386,105,3
346,104,5
149,102,1
571,101,1
696,105,4
306,106,2
552,104,4
90,106,2
535,104,5
673,103,3
576,107,2
356,103,2
462,105,1
293,107,5
475,108,5
313,105,1
679,102,1
595,106,3
375,102,1
164,102,3
62,104,4
470,105,2
85,105,2
235,106,2
41,104,2
224,101,5
404,107,3
277,108,3
326,104,4
24,102,1
482,102,3
665,106,2
614,107,3
195,106,2
660,103,5
93,101,4
683,102,2
459,105,3
625,104,1
195,101,5
613,101,4
359,106,2
656,102,2
375,108,3
541,101,4
477,101,3
348,105,3
12,108,3
297,104,3
483,108,2
591,107,4
208,103,4
267,108,1
42,103,3
45,105,2
303,107,5
628,101,5
423,101,3
518,107,3
329,104,2
688,105,4
37,103,5
132,105,2
536,101,4
22,105,2
281,105,3
564,102,3
333,106,1
119,101,5
667,102,3
164,105,3
373,108,1
186,102,5
355,106,4
556,104,1
72,106,4
249,102,3
140,108,1
216,103,5
571,102,4
631,104,2
631,101,2
148,104,3
219,103,5
569,103,3
76,101,4
319,103,4
167,108,2
477,103,1
133,104,3
160,106,2
309,105,3
527,108,5
633,108,4
249,107,4
1,105,1
581,105,3
367,106,1
534,105,2
215,103,4
64,105,1
326,105,4
675,102,3
320,105,2
303,106,4
269,105,2
499,101,2
90,102,1
149,101,3
35,103,1
198,107,4
663,102,2
505,103,5
262,103,5
486,107,3
321,101,1
57,103,2
196,106,5
445,101,1
460,104,2
187,101,1
315,108,2
549,101,4
584,104,2
101,104,3
666,103,1
169,107,2
367,101,4
640,101,4
89,103,2
295,107,3
237,108,4
172,103,3
548,101,3
239,107,4
150,108,5
509,102,1
491,108,2
535,105,1
77,108,3
444,104,1
157,106,3
496,105,2
169,104,4
390,104,2
46,108,5
546,108,2
119,106,2
307,102,3
1,103,4
175,107,2
482,106,1
149,107,5
589,108,4
690,106,2
162,102,2
445,105,1
568,106,4
523,101,5
500,103,5
336,102,5
270,105,2
439,108,1
310,102,4
540,107,3
192,104,4
110,102,5
35,104,5
534,108,1
444,102,1
138,107,5
579,103,4
399,105,4
676,104,1
62,101,2
143,108,5
18,107,1
588,102,3
28,102,2
469,106,4
140,103,5
471,107,1
162,107,2
25,108,1
336,103,3
273,101,2
505,102,1
295,103,2
312,108,5
497,107,5
461,106,5
282,102,5
298,106,1
662,104,5
352,104,3
218,107,5
193,108,1
368,101,2
465,106,4
477,102,5
574,101,2
200,104,5
232,104,3
282,108,5
280,107,5
268,101,2
660,102,4
506,103,5
276,105,3
612,103,4
284,102,2
621,108,4
171,107,3
115,102,3
680,104,5
692,104,1
668,108,5
399,108,5
378,105,5
325,106,5
376,107,4
367,104,4
14,102,5
652,103,1
66,103,1
443,102,3
470,106,1
584,103,2
109,101,1
53,106,2
432,106,4
100,105,1
109,102,4
659,102,5
540,103,3
177,104,5
601,108,4
679,105,4
219,104,4
529,106,2
578,107,5
77,107,2
603,103,5
476,108,5
649,106,5
255,104,5
317,101,4
554,106,3
129,101,2
389,103,4
130,104,3
693,105,4
224,103,4
146,108,4
680,107,5
229,107,5
576,106,3
153,103,3
447,107,5
596,107,2
37,106,2
142,101,1
689,108,2
95,103,3
432,105,5
75,108,4
5,104,2
658,108,1
487,105,5
629,106,3
177,105,2
583,108,2
421,104,4
564,107,5
206,108,3
638,102,4
432,101,3
355,103,1
489,101,2
153,108,3
691,103,2
603,102,5
577,106,1
340,107,5
379,101,3
673,106,1
214,106,4
455,104,3
572,103,5
80,106,1
246,108,4
415,103,1
429,106,2
329,107,1
661,105,2
364,101,4
35,106,4
223,101,4
60,104,3
508,106,2
99,102,2
258,103,2
692,106,2
361,104,5
402,107,4
323,101,4
694,102,4
211,104,4
62,102,4
30,105,3
693,106,3
154,105,2
405,103,5
692,101,4
80,105,5
220,103,1
445,103,1
57,102,3
312,107,4
16,107,2
653,106,3
116,107,2
88,103,2
70,105,5
360,106,4
688,103,2
428,101,3
256,108,4
518,108,2
503,106,2
507,108,5
350,103,5
657,106,5
442,105,2
114,105,3
145,103,1
9,102,1
519,108,4
421,106,4
304,103,2
180,108,2
276,107,2
604,104,5
302,105,1
552,105,3
36,102,3
10,106,2
313,104,5
253,107,5
119,108,2
645,106,3
291,103,5
590,108,5
183,104,3
333,104,4
90,103,1
462,102,4
626,103,1
264,108,2
627,108,1
307,107,5
372,107,5
297,103,4
562,104,3
191,106,5
22,108,3
533,105,3
42,107,2
101,105,1
602,105,1
258,106,4
676,108,4
442,102,2
107,105,4
233,101,1
431,104,4
557,101,3
557,106,3
568,102,3
256,107,4
610,107,5
234,108,4
409,101,1
78,107,1
407,107,3
475,106,3
107,106,1
46,107,2
636,108,4
134,108,2
673,107,5
212,105,2
414,106,4
407,104,3
382,103,5
500,101,2
620,105,3
579,102,5
353,107,1
309,101,1
662,106,5
436,104,1
593,103,5
262,104,5
396,103,4
680,103,4
101,106,2
134,105,1
186,103,4
326,108,3
388,104,5
463,106,3
224,107,5
506,107,2
44,107,2
696,102,5
353,106,3
347,106,5
563,101,5
549,107,3
177,107,4
431,107,4
32,103,2
425,108,2
507,105,4
268,106,3
335,104,2
124,108,4
499,104,3
24,104,3
154,101,4
617,105,5
48,105,2
62,106,1
478,107,5
39,108,4
397,108,2
288,106,2
519,103,2
25,102,1
205,102,2
251,106,1
191,102,4
390,106,3
277,103,3
653,102,1
387,107,5
567,103,1
94,107,1
383,104,5
245,105,5
283,101,5
4,102,3
245,104,4
330,102,4
503,102,5
60,103,4
613,107,5
581,104,1
66,106,1
1,104,5
360,101,3
58,107,1
59,108,1
52,103,5
293,102,2
386,103,2
343,102,3
98,108,2
654,108,3
46,106,3
182,101,2
303,104,4
46,102,4
82,105,4
299,106,3
189,106,4
424,108,2
458,108,2
273,107,3
321,108,2
199,106,2
362,107,3
609,102,3
497,103,4
487,107,2
218,105,1
33,105,2
172,106,2
227,102,4
54,102,1
345,107,1
279,104,2
443,104,1
252,102,1
418,104,3
378,103,3
65,104,4
564,103,1
398,102,5
50,102,1
259,103,5
8,103,5
213,104,4
399,102,1
204,107,1
188,102,3
397,102,2
139,107,1
401,106,1
39,102,1
348,104,4
217,101,1
651,106,4
641,103,5
310,103,5
40,101,3
456,103,2
31,105,2
423,104,4
128,106,1
310,101,5
681,105,2
398,101,4
193,104,3
257,104,2
606,107,2
400,106,5
163,106,5
210,107,3
502,108,3
300,106,5
411,101,5
338,101,3
222,102,3
514,105,5
537,101,4
480,106,5
50,101,2
339,107,1
409,108,3
344,107,5
14,107,3
192,108,3
553,101,3
23,101,2
156,107,3
570,107,4
521,102,4
280,103,3
545,104,2
435,106,4
26,103,3
634,107,2
478,101,3
384,108,3
163,103,5
524,108,5
72,101,5
93,102,5
400,102,5
121,107,2
246,102,1
506,104,5
118,101,4
156,104,4
458,103,4
152,103,1
311,105,4
172,105,3
421,105,1
648,103,5
663,106,2
471,103,5
566,107,3
555,108,5
40,107,2
557,105,1
285,106,3
565,108,2
111,101,5
222,106,2
655,107,5
573,104,3
327,106,4
262,101,3
253,108,5
15,101,3
234,106,3
587,106,5
116,101,3
375,107,5
640,102,5
19,104,3
455,107,4
632,105,5
182,102,4
203,105,3
249,105,4
82,106,5
353,104,3
678,105,5
642,104,1
664,103,5
683,108,5
655,106,1
373,103,2
438,107,5
412,107,4
390,105,2
285,107,5
151,106,2
464,104,1
68,108,1
4,107,1
559,108,1
90,101,3
456,102,2
221,106,4
44,104,2
656,107,4
345,103,2
551,103,3
488,103,2
373,107,2
206,102,5
541,108,2
301,108,4
258,104,5
153,107,5
475,104,4
325,108,2
636,103,2
253,104,1
650,104,1
59,105,4
370,108,2
356,108,5
599,105,5
289,103,4
460,101,4
349,102,1
643,105,4
251,104,3
342,102,5
433,101,4
342,107,3
390,107,3
366,105,2
370,102,3
363,107,3
399,103,5
410,105,1
452,102,2
513,103,2
538,105,1
389,102,1
625,103,5
328,108,3
447,106,4
337,102,5
482,101,2
10,104,4
510,105,1
343,101,5
591,103,1
293,108,4
595,103,1
317,108,4
128,104,2
89,101,5
695,105,1
559,105,2
681,101,3
168,108,1
595,105,2
621,105,4
317,106,2
592,108,3
149,103,1
570,101,4
540,102,2
660,106,2
365,105,3
87,108,4
241,105,4
254,105,3
372,106,5
237,104,4
492,108,5
489,108,1
236,101,4
145,104,2
83,104,2
613,104,4
386,107,1
606,108,5
11,104,2
193,106,2
194,103,4
643,103,3
596,102,4
109,105,3
133,102,1
117,107,3
251,101,2
530,106,4
135,105,4
252,101,2
471,102,3
678,107,5
338,102,2
506,105,4
238,103,2
537,103,1
205,107,2
113,103,2
190,104,3
572,106,5
181,104,3
373,106,2
561,103,3
166,108,4
645,104,3
108,107,1
503,108,1
633,104,2
683,106,4
152,104,5
93,106,3
655,103,2
55,101,1
34,107,3
683,105,3
450,108,3
481,106,1
270,101,1
174,104,2
667,107,3
365,101,1
539,107,2
622,102,1
32,107,3
429,108,1
225,107,5
348,103,2
421,102,5
676,106,1
531,102,2
186,106,2
676,107,2
323,108,1
479,102,4
151,101,5
105,101,4
350,104,4
105,103,5
12,106,4
578,104,3
583,103,4
385,108,2
98,103,1
602,106,5
331,102,1
229,104,2
12,103,5
330,105,4
418,108,3
447,103,4
42,104,4
674,102,3
132,108,5
430,106,3
174,107,2
552,107,5
669,103,4
3,107,5
71,101,4
62,108,4
554,103,1
155,108,3
363,101,1
299,108,4
450,105,3
523,105,2
463,101,2
348,107,5
682,106,3
226,107,5
51,103,2
159,106,4
516,103,4
443,107,2
594,102,5
296,108,3
280,104,1
685,102,5
318,102,1
469,107,3
278,104,2
513,106,3
63,104,4
91,108,3
139,101,4
201,108,4
337,105,5
425,101,5
443,103,3
255,105,4
396,102,1
292,105,1
334,106,2
440,107,1
30,102,1
514,104,2
322,102,5
198,104,1
493,106,5
265,108,2
413,104,3
115,108,5
66,102,5
621,104,4
215,102,4
269,106,2
138,102,5
626,105,1
374,108,3
332,101,1
73,106,4
31,107,1
449,102,3
376,108,3
647,107,2
448,103,3
36,103,1
677,101,2
286,105,4
167,102,1
84,106,1
392,104,1
349,108,4
203,104,4
19,103,1
573,108,4
331,105,1
136,106,2
165,105,3
91,103,3
203,101,2
175,103,5
429,102,5
317,105,2
270,102,3
83,108,4
89,106,5
527,104,2
237,105,5
660,104,1
425,102,3
347,107,4
302,101,5
110,103,4
312,106,1
22,104,1
650,107,1
122,108,2
551,107,4
141,108,5
124,102,3
662,105,5
623,102,4
342,108,5
341,105,5
624,102,5
643,107,2
91,107,4
425,105,5
695,107,2
220,105,2
399,104,4
245,102,1
539,105,3
620,103,3
562,108,2
421,108,1
179,104,3
31,101,2
65,103,5
507,104,4
662,108,1
681,104,4
99,103,3
60,105,5
440,102,4
478,108,2
47,101,1
607,104,5
233,107,1
331,107,5
676,101,2
81,101,3
639,105,2
371,107,1
439,105,1
149,108,3
133,108,5
377,103,5
296,104,1
640,108,1
329,101,4
189,105,5
593,102,3
661,101,4
283,106,3
26,108,5
458,105,4
572,101,5
79,107,2
277,105,2
368,106,4
494,104,3
308,105,5
505,104,4
342,103,5
99,101,1
444,108,1
232,102,1
476,104,5
134,107,5
35,102,5
228,106,2
546,104,2
577,105,1
417,105,4
630,104,4
272,107,5
416,108,5
36,101,5
106,101,4
528,105,4
682,107,2
191,101,1
312,101,1
75,105,2
659,104,2
266,106,3
593,104,3
501,101,1
9,104,4
275,101,2
424,105,1
366,107,3
102,103,1
530,102,5
565,101,4
13,108,4
412,105,2
477,108,5
357,103,3
607,108,3
600,108,3
328,102,5
18,102,1
50,103,4
309,103,2
481,107,1
70,101,4
286,104,5
627,106,1
316,108,1
110,104,3
588,106,1
327,107,2
618,105,2
3,104,5
470,104,1
131,103,3
591,108,5
302,104,2
44,105,3
188,106,5
242,106,5
610,103,3
82,108,5
218,102,3
100,106,4
385,105,2
5,102,3
260,103,3
482,103,4
65,108,4
688,102,5
46,105,2
10,101,2
286,106,4
387,103,2
266,102,2
300,107,5
323,107,5
78,102,4
427,105,1
387,108,2
622,108,5
576,104,1
426,104,3
112,102,1
231,107,5
323,105,5
395,107,3
449,106,5
444,101,1
136,108,5
126,108,3
494,102,5
337,106,1
367,107,3
366,106,3
155,102,4
349,105,3
572,105,5
201,102,5
550,107,1
537,107,4
233,103,5
108,104,2
83,102,2
286,108,2
538,106,3
422,106,4
671,102,3
430,101,4
399,101,1
214,104,2
381,104,1
264,101,1
364,108,1
240,108,2
574,105,4
40,104,3
607,101,1
635,108,2
100,102,1
123,107,4
559,104,2
76,103,4
619,107,2
548,103,5
67,107,1
680,106,1
3,105,5
325,107,2
568,108,1
616,104,2
355,101,3
401,104,1
145,105,4
515,104,3
464,103,2
627,105,2
167,105,3
623,106,1
256,103,2
485,102,2
223,102,3
241,101,4
118,105,4
511,102,5
640,103,4
617,103,4
410,101,3
356,101,4
32,108,2
134,104,1
169,106,3
241,102,3
212,108,5
633,105,4
78,108,1
27,107,2
513,107,3
489,103,4
695,106,2
69,104,1
404,101,4
654,104,3
265,107,5
388,101,5
108,105,4
446,104,5
288,101,1
227,108,4
498,101,3
402,102,3
268,103,1
420,107,1
699,105,2
401,101,2
315,101,1
60,102,4
68,106,2
680,108,4
314,104,3
387,101,1
632,101,2
31,106,3
307,105,5
269,107,2
696,103,3
11,107,2
397,103,5
585,103,3
315,104,3
371,103,3
385,101,1
516,107,3
428,107,4
500,107,2
21,103,4
437,101,4
299,107,5
547,106,5
66,108,5
316,105,4
630,108,5
521,104,3
637,103,1
641,101,5
43,107,3
700,104,1
400,105,2
180,107,5
82,104,3
204,101,1
35,101,2
699,106,5
457,108,5
641,107,2
205,103,3
35,105,4
50,108,1
585,105,1
456,107,2
583,105,3
166,107,4
467,108,1
302,102,2
451,106,1
235,101,5
441,102,4
185,102,5
320,107,2
248,103,4
246,106,5
81,107,2
205,105,4
152,101,1
531,101,4
84,103,2
278,106,2
441,104,3
304,107,3
163,104,4
238,107,2
195,108,2
372,101,4
321,103,1
16,108,3
454,106,2
558,108,1
260,107,3
426,108,3
656,106,4
101,107,2
668,105,2
527,105,2
554,108,5
307,106,4
560,107,5
88,105,5
628,108,2
362,104,2
153,104,2
171,104,1
488,102,4
202,108,4
260,105,1
679,104,3
387,106,3
372,108,5
670,105,1
217,107,1
241,106,1
485,101,2
551,106,4
440,106,2
560,102,5
200,102,4
238,108,4
166,102,2
516,101,5
194,105,1
85,106,5
352,106,3
178,101,3
517,104,5
577,104,2
496,104,1
626,104,1
182,104,3
229,103,3
611,104,1
493,105,3
613,108,3
55,105,1
224,104,1
519,101,1
27,105,1
66,105,4
132,107,5
359,103,3
356,102,4
8,107,4
604,103,1
504,105,2
371,108,4
157,103,5
105,107,1
312,105,1
596,101,3
324,103,3
257,107,5
510,104,4
208,105,5
161,103,3
476,105,1
115,105,3
594,106,1
438,103,3
383,102,1
630,107,2
454,107,1
514,101,2
41,103,3
132,102,1
218,108,2
181,105,3
89,107,2
94,102,3
624,103,5
533,106,2
174,102,5
101,103,4
322,105,5
135,102,3
599,103,3
622,107,2
314,106,4
429,107,3
338,103,4
473,103,4
467,104,4
216,106,2
133,101,2
312,102,2
305,106,3
435,101,5
6,105,2
261,102,2
210,101,4
3,106,4
194,101,4
379,108,4
104,104,1
683,103,2
197,105,4
459,104,2
263,105,5
121,102,3
53,101,3
302,103,1
373,104,5
238,102,2
647,102,5
512,104,5
612,106,3
625,106,1
300,104,4
348,106,4
663,103,2
183,101,4
176,107,5
598,108,4
335,103,3
590,107,3
61,104,4
573,107,4
320,106,4
601,102,3
503,104,5
10,108,4
564,106,4
562,102,4
239,102,3
144,108,3
81,106,5
692,103,4
401,102,3
638,104,3
631,102,4
149,104,3
5,103,4
96,108,2
93,107,1
369,103,4
583,107,2
412,103,2
645,105,3
670,103,2
198,103,4
288,108,5
315,103,2
689,102,4
438,108,1
678,106,3
303,101,5
606,104,3
160,104,3
89,105,2
610,108,2
228,105,2
38,105,4
191,107,3
659,103,5
74,104,4
166,104,5
324,108,4
171,102,2
448,108,4
56,106,1
588,108,2
674,108,5
547,104,2
512,108,4
525,102,3
632,107,4
245,108,1
700,102,2
622,106,5
401,105,3
281,103,2
637,105,5
609,103,4
589,105,1
57,108,2
497,104,4
516,102,3
588,103,2
244,104,4
163,102,4
229,101,5
102,101,4
535,102,4
398,104,3
285,103,3
630,103,1
455,105,1
652,104,5
154,102,3
401,103,1
90,107,3
583,106,2
667,101,4
507,103,4
582,108,4
392,105,2
162,106,3
178,103,2
24,106,3
272,106,3
620,107,1
299,103,5
30,101,3
408,104,4
145,108,5
73,103,4
38,106,3
84,101,4
475,103,4
465,105,2
54,107,1
419,107,4
381,101,5
436,103,4
511,101,3
409,103,3
370,103,4
665,101,1
297,106,1
675,105,3
143,107,5
647,103,1
538,107,1
444,103,1
230,108,2
286,102,4
680,102,3
378,104,2
700,106,1
646,104,4
574,106,2
461,105,1
587,105,5
197,104,2
157,101,4
203,108,1
585,101,3
554,104,1
698,104,1
635,104,3
694,101,3
399,107,1
353,101,4
174,108,5
546,101,1
223,107,5
78,104,3
668,102,3
9,105,1
351,105,3
393,104,5
181,108,2
200,101,3
260,108,5
595,104,5
520,106,3
49,105,4
677,103,1
604,101,1
344,106,4
312,103,2
34,101,5
684,103,4
454,103,4
542,108,2
227,103,3
112,106,2
545,105,3
691,106,2
354,103,4
500,105,1
635,107,5
437,103,5
84,108,3
67,106,2
561,108,2
126,107,1
33,102,5
50,104,1
105,102,5
37,107,4
400,101,4
139,104,3
191,104,1
301,107,3
671,106,2
79,103,4
372,102,5
264,105,2
49,102,1
553,104,5
438,101,2
243,108,1
434,104,4
45,103,3
167,103,3
290,103,2
25,107,2
567,107,3
293,105,2
684,106,1
643,101,4
597,103,5
266,107,4
517,107,2
334,107,2
2,101,1
339,105,2
249,108,3
467,103,3
508,102,1
47,107,3
258,108,4
200,107,4
698,108,3
130,103,2
272,101,3
407,102,5
525,103,3
384,103,2
23,106,2
335,106,4
636,104,1
414,102,3
359,102,4
688,106,5
289,104,3
42,105,5
601,101,2
319,105,2
396,104,2
49,108,5
69,102,3
58,106,2
165,106,5
411,107,4
144,105,3
231,104,3
233,102,1
148,102,5
209,102,1
91,102,5
247,105,2
685,108,1
462,103,2
162,104,5
329,103,1
468,103,1
611,103,2
127,102,3
98,104,3
125,103,4
168,105,3
100,108,3
341,106,4
185,107,1
103,104,1
28,107,2
476,106,3
525,107,2
363,108,4
647,101,3
185,105,4
244,105,5
498,106,3
575,103,4
454,102,5
426,101,4
621,102,3
464,106,1
556,102,3
416,104,4
588,105,2
44,108,1
557,104,4
330,107,1
179,105,5
287,103,2
354,106,2
505,106,2
120,102,3
163,108,5
565,104,4
608,108,1
143,103,3
114,107,3
154,104,4
76,107,4
409,102,5
230,102,4
611,107,2
441,106,2
298,108,3
106,105,1
338,108,4
683,101,5
322,106,1
159,105,3
97,108,1
336,104,2
651,108,3
267,101,5
126,101,2
687,101,1
575,101,3
188,108,4
332,102,2
486,101,3
362,101,4
585,104,4
10,105,1
54,104,1
298,104,3
574,102,4
290,102,2
517,108,5
521,107,1
163,105,2
246,107,4
636,106,4
188,107,3
28,108,5
510,108,1
484,101,5
434,106,4
214,101,1
408,108,1
426,106,3
129,107,1
392,107,3
548,102,1
26,101,3
527,101,2
343,103,1
39,105,5
322,108,5
403,108,5
269,102,3
417,107,1
665,102,1
468,104,3
107,101,5
504,108,4
415,108,3
561,102,3
394,101,4
225,106,4
367,102,4
698,102,2
121,101,3
522,105,3
303,105,5
417,106,3
98,101,3
648,102,4
261,107,1
130,105,4
444,105,5
605,102,3
375,104,1
541,107,1
16,102,1
684,101,2
83,105,2
676,103,5
552,106,1
49,106,1
475,105,1
274,106,3
464,107,3
36,107,2
130,106,5
532,104,5
406,108,5
263,104,2
429,101,4
538,102,3
206,105,2
443,106,5
654,106,1
508,101,4
150,103,4
313,101,1
36,108,4
78,105,1
20,104,2
37,102,3
484,108,1
465,103,4
70,106,2
502,101,4
577,101,5
636,102,1
587,101,5
161,102,1
679,103,1
560,101,2
143,106,1
678,103,3
338,105,5
640,106,3
365,108,1
106,106,3
687,102,1
28,105,3
311,108,2
413,102,4
240,104,4
221,107,1
449,105,5
23,104,5
448,107,1
512,105,4
326,106,5
284,104,4
524,102,5
247,104,4
572,104,4
76,106,4
232,107,4
442,106,4
86,106,3
639,102,2
127,108,1
517,106,3
333,101,4
47,108,1
576,108,3
569,104,3
579,104,1
589,102,1
193,107,5
340,105,3
214,103,1
24,108,3
345,106,5
669,105,1
190,103,2
554,107,2
37,104,5
93,103,2
67,105,4
419,102,1
245,101,5
291,102,2
19,105,5
41,106,1
527,102,2
674,104,3
72,102,2
67,104,3
274,101,1
326,102,1
604,107,5
604,105,4
91,105,3
186,108,3
221,108,1
233,106,5
270,108,1
383,106,3
69,106,3
579,105,3
248,108,1
257,105,1
678,108,5
428,102,2
140,101,5
539,102,3
255,108,2
510,101,1
219,102,2
176,102,1
60,101,4
283,104,1
487,106,1
505,108,5
639,104,4
640,107,4
154,108,3
440,108,3
421,107,1
634,101,1
151,104,4
664,107,3
385,103,3
217,106,5
70,102,3
75,101,3
639,107,4
598,106,3
201,107,1
571,103,5
296,101,1
691,108,3
357,101,5
111,105,3
195,102,5
414,105,1
519,104,2
224,108,4
308,106,2
365,107,3
392,101,5
641,102,3
240,107,4
137,103,1
206,106,5
540,108,3
171,106,5
262,102,2
567,104,3
178,104,4
371,101,2
299,104,4
156,108,4
357,108,2
220,107,2
533,101,1
476,103,3
447,108,4
61,107,2
80,108,2
616,103,5
656,101,3
543,103,1
206,101,3
405,107,3
698,101,2
14,106,3
541,106,4
550,103,1
137,107,3
185,108,2
281,102,2
513,105,2
24,103,1
697,105,1
238,105,2
66,101,3
261,103,2
434,101,5
369,101,4
318,104,1
618,108,5
294,105,4
283,105,2
687,106,4
283,108,3
595,108,3
3,103,3
653,107,4
303,108,3
174,103,2
665,104,3
440,105,1
30,107,2
65,102,2
522,104,1
386,104,1
209,107,2
376,105,1
682,104,1
442,108,1
193,103,1
225,102,5
361,105,2
147,106,3
512,101,3
42,102,4
677,105,1
310,108,2
422,101,1
138,101,3
151,103,5
673,104,5
536,107,4
22,103,3
448,105,1
238,104,3
273,103,3
486,103,5
252,106,2
612,108,1
97,107,2
492,105,4
223,106,2
354,102,2
87,107,3
341,101,5
276,103,1
42,101,5
422,103,2
528,104,1
250,103,5
124,107,1
327,108,3
119,103,5
443,105,2
391,107,2
405,104,2
43,101,2
64,106,3
347,105,4
500,106,3
611,102,5
319,108,5
351,103,2
653,104,1
365,104,2
71,106,2
386,106,2
359,104,2
345,108,1
252,104,1
603,107,1
590,104,3
100,103,1
468,107,2
226,101,3
179,108,3
308,101,4
296,103,4
345,105,4
388,108,4
599,101,5
689,106,5
146,103,3
85,107,5
568,103,3
260,102,2
358,101,2
311,106,4
494,108,4
109,107,2
469,108,2
158,105,1
439,103,5
249,101,2
211,105,4
433,107,3
673,102,2
198,108,4
586,104,1
255,101,3
104,102,5
468,108,5
60,106,3
68,107,4
25,101,3
332,103,1
288,103,5
479,104,2
424,101,5
187,104,3
8,108,3
630,105,5
208,101,1
300,105,3
362,103,2
646,103,4
522,103,1
232,105,4
270,106,3
286,107,4
372,105,5
511,108,3
644,108,4
284,108,1
613,102,2
677,106,5
605,103,3
650,103,3
159,108,3
438,106,1
605,106,4
658,107,4
49,103,1
540,105,1
664,102,3
222,105,3
570,103,1
609,108,4
111,106,2
166,106,4
371,106,5
59,102,3
129,104,1
341,103,3
535,103,5
2,106,2
320,103,5
8,104,3
461,107,2
682,105,1
383,105,1
479,103,1
133,107,5
666,106,2
302,108,2
436,102,3
305,101,4
452,108,3
501,106,3
291,105,4
392,102,2
374,107,2
229,102,5
470,102,2
157,107,2
44,103,3
571,107,3
112,105,5
516,106,2
376,102,5
167,101,2
368,105,5
28,103,4
165,101,5
523,103,2
519,105,4
108,108,5
112,101,2
258,102,3
104,105,5
228,101,1
451,108,3
574,104,4
188,105,2
122,101,5
362,105,3
281,107,1
325,104,5
271,106,4
33,103,2
218,101,3
131,108,4
550,108,4
519,106,2
250,107,1
71,102,5
118,104,1
151,102,1
633,106,4
339,103,5
491,102,1
666,107,4
419,104,2
543,102,1
499,103,4
285,104,3
300,108,1
324,107,1
659,107,5
82,107,3
549,102,3
292,101,3
199,107,5
142,108,3
450,103,5
604,108,3
267,102,1
183,106,2
477,106,3
387,102,1
617,106,5
337,101,3
314,103,2
594,103,5
339,104,5
260,101,3
189,108,5
47,103,3
513,104,4
642,102,1
347,103,5
482,105,3
558,107,1
337,103,4
420,103,4
343,104,4
126,104,1
266,103,2
44,106,4
355,108,1
200,105,1
319,106,1
178,102,3
446,105,5
695,104,2
382,106,5
465,101,2
569,102,5
498,103,1
361,101,1
440,103,5
59,104,5
163,101,2
466,102,2
249,106,5
644,104,1
503,105,1
417,108,3
423,107,3
346,106,5
257,103,5
584,107,4
39,104,5
625,108,5
109,104,2
357,104,3
656,103,4
473,108,3
370,105,2
666,105,1
231,103,2
305,105,3
576,103,2
481,108,4
343,107,2
414,104,1
558,105,3
139,103,1
187,103,3
544,107,3
215,104,4
6,101,3
555,101,1
617,102,4
177,102,4
418,107,3
159,107,3
609,101,4
151,107,4
135,104,5
391,106,3
192,106,1
52,108,3
5,106,1
325,101,5
170,102,4
26,107,4
645,107,3
61,108,1
402,108,2
67,108,3
409,107,2
490,101,1
600,105,3
597,108,4
45,106,3
478,104,2
219,105,2
366,108,5
40,105,2
316,106,3
19,102,3
539,104,2
349,107,4
350,106,2
86,108,5
661,104,4
439,107,2
178,107,2
154,103,5
94,101,1
382,104,4
553,107,4
285,102,5
416,103,5
541,103,3
407,101,5
264,104,4
208,102,3
582,107,5
639,106,1
159,103,1
545,101,3
117,102,5
77,103,3
637,107,5
551,105,2
171,101,2
306,108,5
547,108,4
83,101,5
17,101,5
220,104,3
184,107,5
452,106,1
393,105,1
106,103,1
631,103,5
585,107,2
553,102,3
415,102,5
579,107,3
118,106,1
139,102,2
250,104,3
347,108,2
467,107,3
522,107,4
509,108,1
615,102,2
479,107,5
58,102,1
563,105,2
634,104,1
516,105,4
168,101,1
501,104,3
90,104,4
323,104,5
560,104,4
587,102,3
170,106,4
143,102,2
242,108,4
114,104,1
319,104,2
630,101,2
419,105,1
458,107,2
187,107,5
217,105,3
337,107,3
459,102,3
496,106,3
692,108,3
13,104,3
293,103,1
152,102,4
634,108,5
335,101,2
364,107,5
72,104,5
271,103,2
683,104,1
116,108,1
111,107,3
405,102,3
682,108,2
568,104,1
571,104,3
345,102,4
194,104,1
453,104,4
144,107,3
638,103,3
661,108,1
414,103,3
276,102,1
222,101,4
254,104,2
533,103,1
29,106,3
537,105,4
533,104,3
186,105,3
381,106,4
671,104,4
201,101,2
368,107,2
9,108,2
53,102,1
675,104,3
207,106,1
105,104,4
311,107,5
436,107,4
356,104,5
173,104,2
365,102,3
410,104,1
628,107,5
391,104,4
374,105,1
192,102,4
305,108,5
662,101,4
195,107,1
369,104,5
489,105,2
96,101,3
499,102,2
472,102,3
523,104,4
525,106,3
616,108,3
87,104,3
523,107,3
430,104,5
534,101,2
149,106,2
497,106,5
438,104,1
292,107,4
253,103,1
522,102,5
126,103,1
32,104,2
91,104,4
347,102,3
219,107,2
532,101,3
29,108,2
118,108,4
304,101,2
626,102,3
265,102,3
226,102,3
71,105,5
652,105,4
307,104,2
395,105,3
332,104,2
340,102,2
526,108,1
378,102,4
359,108,4
474,107,3
599,107,2
17,108,5
205,108,1
132,104,4
691,101,5
556,101,2
272,108,5
335,108,5
400,107,2
598,104,2
52,104,4
552,102,3
539,106,1
463,103,2
345,104,5
369,105,1
108,102,5
280,105,2
1,107,5
566,104,4
374,104,1
674,105,3
435,104,3
130,101,4
339,101,1
370,101,5
409,106,2
13,103,1
487,102,4
301,105,4
349,101,1
358,108,3
377,106,5
583,101,2
601,103,5
84,104,5
360,107,3
213,106,3
5,108,4
447,105,5
259,107,5
459,108,2
316,101,1
310,105,3
276,106,3
103,102,4
582,102,2
228,102,1
103,107,2
285,105,1
647,106,1
71,104,2
180,104,3
618,107,2
380,102,5
578,102,4
97,101,2
466,108,4
449,101,1
223,105,1
379,102,5
671,108,4
369,108,5
508,104,4
523,102,3
332,108,2
684,105,2
331,101,4
649,101,1
524,104,5
69,103,3
176,105,4
483,103,3
520,107,4
380,108,3
584,106,3
235,103,1
167,104,2
655,108,2
380,103,1
691,102,5
214,108,5
548,106,5
210,102,2
226,108,1
532,108,2
479,101,5
275,104,4
231,108,3
272,105,5
52,102,4
297,105,5
382,105,3
15,102,1
352,102,2
607,107,2
51,104,2
14,103,4
486,104,1
673,108,5
19,106,5
293,104,4
534,104,3
552,103,3
314,107,3
319,102,1
336,101,1
112,108,5
28,106,5
176,101,3
335,105,5
275,102,4
388,107,5
221,103,5
196,108,3
621,101,2
620,104,3
577,103,4
282,103,1
373,102,3
223,103,2
196,102,1
229,105,4
502,107,5
697,102,2
484,104,5
3,101,3
198,106,2
295,104,4
132,103,2
516,108,3
575,102,4
91,101,2
474,101,1
329,108,4
520,103,2
548,105,4
140,107,3
196,101,4
374,102,5
333,102,2
525,104,2
504,104,1
172,101,2
448,101,1
446,108,4
56,108,3
220,106,2
75,107,5
567,106,5
404,106,1
175,101,3
276,108,2
593,107,3
300,102,3
57,101,2
197,107,2
560,103,2
145,102,5
639,103,5
16,101,5
389,101,2
289,101,1
550,102,1
206,107,1
333,105,3
489,107,4
495,106,1
71,108,4
656,104,5
387,105,5
425,104,2
243,107,2
92,104,3
142,104,4
554,101,1
165,104,3
366,101,2
107,102,1
340,106,1
48,102,1
496,101,2
542,106,5
125,106,2
224,105,3
116,103,2
271,107,2
403,106,1
331,106,4
316,107,5
131,105,4
196,105,4
189,107,5
118,102,5
545,108,2
61,102,5
586,108,2
464,102,3
397,101,2
117,103,5
96,104,3
172,102,1
92,106,3
207,103,3
61,103,5
331,108,2
462,108,5
495,105,5
398,107,1
677,102,1
145,107,1
259,108,2
142,107,3
644,102,2
207,101,1
460,106,4
74,105,4
400,104,3
507,106,2
421,103,1
520,108,1
634,102,2
103,106,2
389,104,3
544,104,1
315,106,4
466,105,1
179,102,5
136,105,3
509,107,3
629,103,3
521,101,3
226,103,5
10,102,2
49,107,5
188,104,3
299,102,1
47,102,4
133,105,4
1,101,3
473,105,3
320,102,4
490,103,4
266,101,2
542,104,1
266,104,1
586,105,5
574,107,4
564,101,5
624,101,2
276,101,4
287,107,1
240,106,3
135,108,2
248,104,3
47,105,2
495,104,1
108,103,3
611,101,3
568,105,4
132,106,2
114,103,4
278,108,1
124,105,2
460,108,1
377,102,3
544,106,2
467,102,4
192,107,3
289,106,4
650,102,5
293,106,3
427,107,2
668,101,3
105,108,2
209,103,2
247,101,1
34,104,3
36,104,2
251,108,4
97,102,5
213,101,3
232,108,5
199,101,2
257,108,3
402,103,1
164,104,2
571,105,5
468,101,4
187,106,2
513,108,1
124,104,5
567,108,2
130,108,4
672,108,2
283,103,4
73,102,5
350,107,3
555,105,5
385,104,4
111,108,4
560,106,4
86,107,3
538,104,1
107,103,5
89,102,5
119,107,1
88,102,2
244,108,4
165,108,5
6,104,5
2,107,4
590,103,3
314,102,1
221,101,4
422,102,4
632,104,5
2,104,2
311,103,5
698,107,1
485,107,5
322,107,5
11,102,5
671,107,2
227,106,2
270,103,2
33,104,2
12,102,2
86,102,5
463,105,1
417,103,1
569,106,5
442,101,5
209,108,5
54,106,2
48,101,2
605,105,4
632,102,2
452,104,2
255,103,2
16,104,5
124,106,2
190,105,5
566,108,1
438,102,2
218,106,5
301,101,5
119,105,1
291,108,5
600,106,2
236,106,1
393,103,2
336,107,1
234,104,5
582,101,5
555,106,4
619,108,2
267,103,1
277,101,3
464,105,2
652,101,4
407,106,5
201,106,3
455,106,5
592,104,3
334,102,5
186,107,2
355,104,2
244,102,5
294,101,4
406,102,1
587,107,2
210,105,5
657,102,2
577,102,3
356,106,2
164,107,3
476,101,2
80,103,4
258,107,3
333,103,1
8,101,2
686,104,5
543,106,2
43,105,4
174,101,3
160,102,3
121,108,3
346,101,5
152,108,2
264,102,4
393,101,2
136,102,2
165,102,1
319,101,4
274,107,3
571,106,2
95,102,4
218,104,5
612,101,5
223,104,5
499,107,5
654,107,2
646,106,5
446,103,3
143,104,3
694,108,3
239,101,2
236,102,3
395,102,5
113,101,5
405,105,3
75,102,3
268,102,3
572,108,1
592,102,2
474,106,2
543,101,4
274,104,4
362,102,3
631,107,3
294,106,3
479,106,4
48,107,5
426,107,3
68,103,5
434,103,1
56,107,4
294,102,5
689,105,4
533,108,1
472,101,3
15,105,4
622,101,1
605,104,5
417,104,1
234,103,5
193,102,5
645,103,3
330,103,4
344,102,4
247,102,5
321,104,5
604,102,4
628,104,2
500,104,2
453,106,1
668,106,1
243,106,1
255,102,5
452,105,2
474,108,3
648,108,3
623,105,5
532,102,5
432,102,5
210,103,4
566,105,5
357,107,5
203,103,4
579,108,3
436,106,2
354,108,5
519,102,5
296,105,4
33,108,5
434,102,2
671,101,3
350,108,3
234,107,2
305,103,3
326,107,4
679,101,5
419,108,5
684,102,3
162,105,1
661,103,5
20,101,1
137,108,3
318,103,5
471,104,4
166,105,1
424,104,4
103,108,2
657,107,1
458,102,1
320,108,5
476,107,4
329,105,2
178,105,4
558,103,2
25,104,4
233,108,1
34,108,3
561,105,1
640,104,3
580,106,5
368,108,5
134,106,1
341,108,1
545,102,5
423,106,2
586,103,5
585,102,2
182,105,4
27,101,2
398,105,3
129,105,3
326,101,2
67,103,5
34,103,5
465,104,5
437,107,3
430,107,1
628,102,1
511,105,3
173,108,3
82,101,1
327,103,4
308,107,3
315,102,2
669,104,4
194,102,1
141,106,2
201,103,5
515,102,2
650,101,5
644,105,2
163,107,1
538,108,3
159,104,2
227,105,3
441,107,5
562,105,1
299,105,3
72,105,4
215,107,4
23,108,5
4,101,4
497,101,3
116,102,3
614,108,1
694,104,3
102,104,4
298,101,1
579,106,3
572,107,3
312,104,1
442,107,1
192,105,1
389,105,5
568,107,1
153,105,2
698,106,3
6,107,2
309,102,4
139,106,5
483,104,3
596,103,2
439,104,4
602,102,2
76,104,2
76,102,3
615,103,1
417,101,4
517,103,2
191,108,2
239,105,3
290,101,5
339,108,3
671,105,5
396,105,3
603,101,3
146,102,3
275,103,2
131,101,1
581,101,4
204,108,5
521,103,1
48,103,5
616,107,2
159,102,1
45,102,3
642,103,5
161,108,2
493,101,5
681,106,2
296,107,3
406,107,1
668,107,1
202,105,5
622,103,1
85,102,4
269,103,2
575,108,4
451,102,4
651,101,4
253,106,2
515,107,1
555,104,2
225,105,2
212,107,2
619,102,4
198,105,2
22,101,5
420,108,1
212,104,2
693,101,2
690,102,1
247,108,3
263,101,3
47,104,2
157,105,5
649,103,4
584,102,3
17,105,5
301,106,5
234,102,3
371,104,3
41,102,5
495,101,1
430,103,1
137,104,3
592,101,2
637,106,3
569,101,5
89,104,1
100,107,2
135,101,5
202,103,2
166,103,4
342,101,2
38,102,1
327,105,5
363,106,1
43,108,5
494,107,1
446,102,3
351,107,5
656,105,3
691,105,4
2,102,4
27,104,3
21,106,5
453,102,3
366,102,5
160,101,4
13,102,1
686,108,4
307,108,3
493,102,4
116,105,1
354,101,1
601,106,3
17,106,3
222,108,1
632,108,4
185,104,4
478,106,3
637,101,5
556,108,3
636,101,2
517,105,1
342,105,2
113,104,4
158,103,2
661,107,1
693,103,2
55,103,2
316,103,2
323,103,4
474,103,1
336,108,5
577,107,1
70,104,4
21,105,5
673,101,2
215,101,4
573,105,2
343,106,3
470,101,3
384,107,3
629,101,3
588,101,1
67,102,4
570,105,1
424,106,1
88,104,5
496,107,5
169,102,1
253,105,3
698,103,1
182,103,1
281,108,1
363,105,1
509,104,5
624,108,2
133,103,3
216,108,1
556,103,1
564,108,5
680,105,4
561,106,3
243,102,2
172,108,2
544,108,4
597,106,5
483,101,3
287,106,4
313,108,3
368,102,2
13,101,2
168,102,4
304,105,4
382,102,5
699,101,3
220,108,2
506,106,5
651,105,5
637,104,4
335,102,3
4,108,3
439,101,2
531,108,1
377,101,2
56,101,5
690,108,1
660,107,3
41,101,2
78,103,3
575,107,4
555,102,3
444,106,1
348,102,3
356,105,3
122,102,3
240,102,3
510,107,1
188,101,2
619,105,5
251,105,3
349,103,3
493,104,3
29,102,3
420,106,3
236,108,4
626,106,3
107,107,5
514,106,3
411,105,4
602,107,2
301,103,3
551,108,5
278,102,1
20,106,1
625,107,4
222,104,2
21,104,5
159,101,5
360,102,1
190,102,3
184,104,1
442,103,1
331,103,5
102,108,3
610,106,1
633,101,5
242,105,1
189,104,5
558,101,1
279,101,4
262,105,2
638,101,2
653,103,4
79,108,3
364,102,5
536,105,5
189,103,1
588,104,1
190,106,4
621,106,5
117,104,1
659,106,2
247,107,3
623,107,4
599,104,5
177,106,1
271,104,1
504,101,4
138,108,2
553,105,5
501,108,5
83,107,2
603,108,2
643,102,5
13,107,4
113,107,5
237,102,5
581,103,5
37,108,1
530,101,1
652,107,1
288,107,4
264,103,1
429,105,1
629,107,2
521,108,1
555,103,5
547,102,5
319,107,3
370,107,1
148,107,1
120,107,5
518,103,3
222,103,5
480,104,3
191,103,5
448,106,2
332,107,2
669,108,2
677,107,2
236,103,1
578,105,5
216,101,4
532,107,3
578,103,1
624,105,3
575,105,3
360,105,4
613,106,2
136,103,3
294,104,4
655,105,3
458,101,2
381,103,1
410,103,4
323,102,4
539,103,3
211,102,2
473,102,4
65,101,1
700,108,1
411,104,4
45,104,3
568,101,1
73,105,1
659,101,1
451,104,1
175,102,5
414,101,5
47,106,2
402,104,3
160,107,4
340,103,1
567,101,5
64,101,1
200,108,1
409,104,1
50,105,1
367,108,3
290,105,1
114,102,4
445,107,2
116,106,2
358,106,5
64,103,2
560,108,5
597,101,5
690,101,3
450,101,1
248,102,3
279,105,5
139,105,4
333,108,2
418,101,1
122,106,3
455,102,4
502,105,3
37,105,2
582,103,5
348,108,2
426,102,4
659,108,5
228,104,4
565,103,1
18,104,3
317,103,2
492,104,4
591,105,1
551,104,5
514,103,2
371,105,2
443,108,3
309,106,2
226,106,2
140,106,5
29,103,3
265,103,1
561,101,4
619,104,2
670,107,4
58,103,1
474,105,2
695,103,5
271,102,2
415,101,3
156,105,2
364,105,1
627,107,5
375,103,2
506,101,5
670,101,4
255,107,1
494,106,4
571,108,2
384,105,5
146,104,1
239,106,3
517,101,3
485,104,1
473,104,2
188,103,5
184,103,4
509,105,2
491,101,1
428,108,3
